<?xml version="1.0" encoding="UTF-8"?>
<faces-config
    xmlns="http://xmlns.jcp.org/xml/ns/javaee"
    xmlns:xsi="http://www.w3.org/2001/XMLSchema-instance"
    xsi:schemaLocation="http://xmlns.jcp.org/xml/ns/javaee http://xmlns.jcp.org/xml/ns/javaee/web-facesconfig_2_3.xsd"
    version="2.3">
    
    <application>
    
    	<!-- Archivos properties para los mensajes de error -->
    	<message-bundle>error/errores_msg</message-bundle>
    
    	
    	<!-- Archivos properties para i18n -->
    	<resource-bundle>
    		<base-name>i18n/messages</base-name>
    		<var>msg</var>
    	</resource-bundle>
    	
    	<!-- Informamos que idiomas soporte mi aplicaccion
    	     y cual es el idioma por defecto -->
    	<locale-config>
    		<default-locale>es</default-locale>
    		<supported-locale>en</supported-locale>
    		<supported-locale>fr</supported-locale>
    		<supported-locale>de</supported-locale>
    	</locale-config>
    </application>

</faces-config>
